รหัสผู้ป่วย,ชื่อนามสกุล,รหัสบัตรประชาชน,วันเกิด,เพศ,เบอร์โทรศัพท์,อีเมล,ที่อยู่,โรคประจำตัว,เลขกรมธรรม์,วันที่เข้ารักษา,วันที่จำหน่าย
PAT0001,ยศพงศ์ แก้วชลคราม,6-8507-40004-74-5,1997-02-11,หญิง,+66 3930 9417,punnratn74@gmail.com,25 หมู่ 47 ถ.ซูสารอ ต.หนองอิเฒ่า อ.หนองบัวโคก จ.พะเยา,สุขภาพดี,INS-83348363,2021-11-13,2024-10-25
PAT0002,นิมุ ถิรสวัสดิ์,1-4115-31752-83-1,1982-03-31,ชาย,042669709,piyananthnaakhsuthin@brisath.co,960/28 ต.วัดหัวงัว อ.โพนสวรรค์ ชัยนาท 69250,มะเร็ง,INS-28540805,2020-12-02,2024-05-18
PAT0003,ชัชนันท์ หอมพิกุล,5-4804-35597-44-0,1966-04-19,ชาย,050 447170,naanaaynorschaa@icloud.com,74 หมู่ 37 ถนนบุนยะตีรณะ ตำบลท่าเรือ อำเภอหนอกจอก ชัยนาท 38930,โรคหัวใจ,INS-59669480,2023-02-23,2025-04-28
PAT0004,เอกชัย ธัญเสถียร,3-4307-49022-66-4,1968-03-30,ชาย,039-070125,wilaasiniirkiieyaaa@yahoo.com,66/0 ถ.ตันตราจิณ ตำบลเขาขาว อำเภอบำเหน็จณรงค์ ตรัง 83260,โรคหัวใจ,INS-93682126,2020-06-25,2025-04-20
PAT0005,ไมล์ เธียรายัน,1-5418-69785-55-3,1975-11-15,หญิง,+66 (0) 3380 4137,rphasphngsyaangswy@hotmail.com,63/70 ถนนพรรษาสกุล ตำบลบ้านบางปะกอก อำเภอบ้านเขว้า ปราจีนบุรี 12680,ความดันสูง,INS-05319836,2024-12-25,2025-01-04
PAT0006,สิราพร ตั้งกุลงาม,5-8419-39435-64-5,1937-04-17,หญิง,068 233 0680,triiephrinthrsrinyaa@yahoo.com,51/11 ถ.ขันธุลา ต.ปังหวานเหนือ อ.นาทม พัทลุง 85830,หอบหืด,INS-58810669,2022-06-22,2025-02-27
PAT0007,พิชญ์สินี ไทนิยม,4-7004-01872-39-1,1967-02-25,หญิง,030 528076,wbawephuuen@tansthityksraang.com,49 หมู่ 99 ถนนเดชวา ป่าบางแค จ.พระนครศรีอยุธยา 55490,ความดันสูง,INS-64175856,2022-07-29,2025-01-23
PAT0008,พิมพกานต์ นาฏคายี,5-6604-23538-42-5,1957-04-16,หญิง,05 139 7404,xsriitawan@brisath.go.th,003 ถนนนาคพันธุ์ สุขเดือนห้า บ้านแท่น อุดรธานี 78160,เบาหวาน,INS-28059840,2024-02-09,2024-10-15
PAT0009,บุญเกิด ทหารแท้,5-8314-62948-44-1,1988-11-12,หญิง,+66 (0) 4828 6039,khmkhaaycchann@yahoo.com,81 ถนนถนัดอาวุธ ต.ท่างิ้ว จ.พระนครศรีอยุธยา 17770,สุขภาพดี,INS-37699257,2025-04-29,2024-11-10
PAT0010,นาวีตา แต้กุล,8-3606-29531-20-2,1988-01-29,ชาย,020 798250,phuuwrnattnaath@outlook.com,312 ถ.นุ่มกัน เขาขาว อุดรธานี 56690,โรคหัวใจ,INS-10633861,2024-10-22,2025-02-17
PAT0011,ฐิตาพร เขียวอ่อน,6-2419-36804-65-1,1956-01-03,ชาย,+66 (0) 859 477 653,thaawraayusmthiphywaarii@outlook.com,59 ถนนพีระเพ็ญกุล ต.บางแค อ.เรณูนคร จ.เพชรบูรณ์ 24250,หอบหืด,INS-73063309,2020-06-13,2025-03-14
PAT0012,วิทูลย์ ดาวกระจาย,4-8010-18631-42-4,1947-04-29,หญิง,+66 5122 8331,sangkhkrdrwiwaan@protonmail.com,938 ถนนสังข์กรด สามโคก อุตรดิตถ์ 20510,ความดันสูง,INS-73664959,2023-10-04,2024-09-23
PAT0013,นิมุ ไสยกิจ,8-3609-68782-57-7,1940-08-24,ชาย,+66 7008 2063,etchakamphuchuuhaydaa@haanghunswncchamkad.go.th,43/5 ถ.ธนรักษ์ ต.เปือยใหญ่ อ.เทพสถิต จ.ลำพูน 84080,โรคหัวใจ,INS-88627551,2024-02-17,2024-11-23
PAT0014,บุญเกิด ทำประดู่,6-5905-07162-47-6,1972-11-06,หญิง,052-885934,entilaksnbawephuuen@brisath.com,06/62 ถ.อัตตนาถ พระรักษ์กลาง ศรีสงคราม ปัตตานี 25010,มะเร็ง,INS-80700307,2021-12-01,2025-04-17
PAT0015,วัลลภ แก้วชลคราม,2-2608-71233-81-3,1952-07-21,ชาย,037-561189,wrnaad85@ngaamphiechsth-bunyaaphisnth.go.th,5/4 ถ.ทวนไชย์ ตำบลวัดบัวบานกลาง จังหวัดพัทลุง 69960,เบาหวาน,INS-85452611,2025-04-03,2024-12-20
PAT0016,มณียา เพียยา,3-6413-23527-31-1,1962-06-03,หญิง,+662 860 8067,thiirthwanaay28@brisath.org,0/6 ถ.ผลบุญ ตำบลบางแคกลาง อำเภอบางสะพานน้อย กาญจนบุรี 18680,เบาหวาน,INS-19273484,2023-04-10,2024-12-20
PAT0017,อัญพัชร์ ธรรมนิยม,1-5403-30087-75-8,1940-06-06,ชาย,+664 956 4838,suwrrnhngscchim@haanghunswncchamkad.in.th,63 หมู่ 6 ถนนถาวระวรณ์ ตำบลบางเล่า อำเภอนาแก จังหวัดชุมพร 59120,เบาหวาน,INS-77484262,2021-06-20,2024-09-29
PAT0018,ภานุวัตร ชำนาญวาด,2-4601-30303-60-0,1999-05-25,ชาย,+66 4915 4410,nathtiyaa84@protonmail.com,37 ถ.ทันยุค อ.วังทองหลาง ลพบุรี 58000,ความดันสูง,INS-01527321,2022-09-30,2024-08-30
PAT0019,นราวรรณ ดีตพันธุ์,1-2315-22502-96-0,1964-10-11,หญิง,091 379 2486,thitiyaaphrdatphanthu@icloud.com,427/44 ถนนดวงทับทิม ต.บึงเขากอบ อ.แม่ลาว ปทุมธานี,เบาหวาน,INS-12327574,2021-08-13,2024-08-04
PAT0020,เนตรฤดี เขียวอ่อน,1-5103-98460-83-7,2000-10-15,ชาย,0-7181-0749,caithaichoy@gmail.com,06/24 ซอยถนอมมนุษย์ ต.นาหินลาด จ.เลย 58640,ความดันสูง,INS-58976948,2022-02-18,2025-04-07
PAT0021,พิมพกานต์ ทรัพย์สาร,8-5315-00651-76-2,1973-10-29,หญิง,090-349-2015,wsrthng@thnadkaarynt-twaneyiiym.co.th,17 ซอยโพธิสัตย์ บางตลาดเหนือ หนองบัวโคก อ่างทอง 78730,เบาหวาน,INS-03962194,2024-10-14,2024-12-24
PAT0022,ธวัศชา บุตราช,8-2509-08308-36-5,1979-02-01,หญิง,0-7052-3440,thampraduuchitawiir@naakhsuthin-etmiyaedch.com,738/8 ถนนทวนทอง อ.ปลาปาก ภูเก็ต 12330,ความดันสูง,INS-18668769,2020-05-12,2024-08-29
PAT0023,มัตติกา บินดี,5-7408-56525-13-2,1999-03-03,ชาย,0-3583-9032,yuphaatrakuulbuy@yahoo.com,35/7 ถ.บินดี ตำบลบางเล่าเหนือ จังหวัดปทุมธานี 72120,เบาหวาน,INS-26627122,2022-02-10,2025-04-28
PAT0024,ปุณณรัตน์ ดาตู,4-5002-35671-97-3,1974-02-28,หญิง,0 5093 1934,siraaphr37@haanghunswncchamkad.go.th,84 หมู่ 01 หมู่บ้านเชิงชาย บ่อไร่ นครสวรรค์ 75240,โรคหัวใจ,INS-41737740,2022-11-12,2024-09-19
PAT0025,คำ นาถะเดชะ,4-1110-85085-70-0,1986-07-09,ชาย,024 056732,wakhiimanruuaikyah@kon.in.th,7/5 ถนนศรีอุ่น ต.โนนแดง อ.ศรีวิไล ลำปาง,โรคหัวใจ,INS-32032925,2021-06-25,2025-01-27
PAT0026,ภานุวัตร ทรัพย์ธำรงค์,4-2802-01399-26-2,1997-02-26,ชาย,024-673177,yswathn44@hcchkthayesthiiyrklkaar.net,385 ถ.ตันตราจิณ อำเภอวังยาง จังหวัดสงขลา 16370,ความดันสูง,INS-05136139,2021-02-10,2025-01-14
PAT0027,พรรณปพร เตมิยะเดช,4-1806-14427-26-8,1937-11-14,ชาย,022365701,khamattnaath@gmail.com,761 ถนนประจันตะเสน อำเภอศรีสงคราม จังหวัดพิษณุโลก 66600,สุขภาพดี,INS-55757693,2025-04-29,2025-04-27
PAT0028,พรพิไล เลิศกิ่ง,2-4313-03018-99-6,1944-08-13,หญิง,+665 063 0539,gthabthimaithy@naatkhaayii-nrphay.in.th,55 หมู่ 14 ถนนร่มธิติรัตน์ เทิง ชัยภูมิ 87230,เบาหวาน,INS-48725233,2023-06-15,2024-11-14
PAT0029,เมทนี บุตราช,7-7505-15821-40-4,1967-01-26,หญิง,086 129 2381,fthungengin@muulnithiedchkhum.or.th,1/6 ถนนนิลสลัว ต.พระรักษ์เหนือ อ.ศรีสงคราม จ.สิงห์บุรี,โรคหัวใจ,INS-59314451,2021-05-22,2025-05-10
PAT0030,ซูรัยดา นาคะนคร,1-3301-91382-71-5,1956-11-18,ชาย,+66 4005 0651,nichaaphathrdwngosn@outlook.com,00 หมู่ 63 ถนนอุลหัสสา ต.บางแค อ.คลองใหญ่ จ.นนทบุรี 16550,ความดันสูง,INS-45496452,2021-07-29,2024-09-27
PAT0031,รักชนก ถมังรักษสัตว์,8-7601-03325-74-2,2000-02-27,หญิง,041-845109,wuthienuuenum@gmail.com,68 หมู่ 0 ถ.มิ่งขวัญ อำเภอบางสะพานน้อย อำนาจเจริญ 17470,มะเร็ง,INS-81694134,2025-03-04,2025-02-23
PAT0032,กุลเชษฐ หิรัญสาลี,2-4201-61476-10-7,1939-08-02,ชาย,021-836178,sangkhkrdwrinththithr@yahoo.com,8 ถ.ประจันตะเสน ต.ปากทรง อ.นาแก จ.เชียงราย 32280,สุขภาพดี,INS-52092306,2021-08-24,2024-12-10
PAT0033,กุลปรียา นิลสุวรรณ์,1-2714-70649-22-1,2001-04-06,หญิง,032 609371,naennducchpm@kon.in.th,78/7 ต.พระรักษ์ อ.โพนสวรรค์ นครราชสีมา 16320,โรคหัวใจ,INS-68350227,2023-05-13,2024-10-26
PAT0034,คำ สงประเสริฐ,5-9518-15332-37-1,1996-10-14,ชาย,047 057439,tmingkhway@brisath.org,996 ถนนทีฆะ ต.กะบกเตี้ยใต้ อ.แก้งคร้อ ระยอง 73380,เบาหวาน,INS-61160855,2025-02-03,2025-02-20
PAT0035,ศิรินันท์ ทำประดู่,5-8113-67212-34-4,1936-10-18,หญิง,047823293,smaicchwilaasinii@ymail.com,40 หมู่ 2 ถนนแต้กุล ตำบลบางแค อำเภอเทิง พิจิตร 78460,เบาหวาน,INS-11673021,2023-01-11,2024-06-23
PAT0036,สุทธิพจน์ ตวงทอง,7-1918-32833-56-5,1970-06-03,ชาย,028 935551,anthikaa30@ymail.com,999/7 ถนนขุนดำ บางแค จ.แพร่ 96760,โรคหัวใจ,INS-90899779,2020-07-10,2025-02-09
PAT0037,สุทธิพจน์ นาคพันธุ์,8-3401-87793-81-9,2005-04-23,หญิง,066-814-5996,gsuwrrnhngs@bmcchenuuenumksraang.com,29/59 ถนนดิศดใน หนองอิเฒ่า บ้านแท่น ระนอง 14230,เบาหวาน,INS-86769061,2021-08-15,2024-07-07
PAT0038,อุลัยพร บัวเผื่อน,8-4419-14891-36-0,1995-05-08,หญิง,059-126167,triiephrinthrsiththichay@haanghunswnsaamay.or.th,445/8 ถนนแก้วอยู่ คลองใหญ่ ปัตตานี 73130,โรคหัวใจ,INS-79010999,2023-05-26,2024-08-09
PAT0039,ธมลพรรณ ตันยา,6-6102-83888-54-1,1998-02-28,หญิง,+66 (0) 4188 2886,tansthityaachuuema@outlook.com,018 ถ.ตั้งรบ สะพานสูง เพชรบูรณ์ 50080,ความดันสูง,INS-07907963,2022-04-30,2025-01-01
PAT0040,ปัตถพงษ์ ทวนทอง,4-1713-82945-41-0,2001-04-14,หญิง,077 512507,khmsan90@icloud.com,915/8 ถ.เนื้อนุ่ม ต.ห้วยนาวงใต้ อ.บ้านแท่น จ.สมุทรสงคราม,หอบหืด,INS-70837318,2025-02-01,2025-02-24
PAT0041,เทอดศักดิ์ นพคเชนทร์,3-7019-67726-54-8,1943-01-17,ชาย,+66 (0) 698 963 767,amaiphnirahaanii@haanghunswncchamkad.co.th,337 ถ.มิ่งขวัญ หนองปลาหมอเหนือ สกลนคร 42350,หอบหืด,INS-68470760,2022-08-30,2025-02-07
PAT0042,กระสุน ตรีเภรินทร์,1-7314-96226-90-1,1954-09-17,หญิง,020540214,gaekwyuu@hsnthwnaichy.in.th,84/17 ถ.นิษประปัญจ์ อ.เนินสง่า จ.สุรินทร์ 73940,โรคหัวใจ,INS-98947989,2022-04-22,2025-01-08
PAT0043,ชลิดา ศรทอง,4-4308-44094-09-8,1942-05-08,ชาย,+66 (0) 636 891 193,cchitrldaathanyukh@brisath.or.th,1 ถ.ไม้แดง อ.แม่ลาว จ.นครศรีธรรมราช 61180,ความดันสูง,INS-68057346,2020-06-21,2024-06-07
PAT0044,กนกเนตร ดาวอร่าม,2-4705-04815-38-8,1965-05-01,ชาย,071474431,cchannsaaysuriiy@brisath.com,30 ถนนนะวะมันดร หนองอิเฒ่า เกษตรสมบูรณ์ นครสวรรค์ 45310,สุขภาพดี,INS-44422373,2023-12-24,2024-10-23
PAT0045,กวาง ฉัตรอภิเที่ยงค่ำ,5-7811-33975-22-9,1976-01-19,หญิง,081 544 3370,cthnadklueng@icloud.com,08/28 ถนนทุมะบุตร์ อ.วังทองหลาง สงขลา 60270,เบาหวาน,INS-63465161,2025-01-22,2024-07-29
PAT0046,ประจิน บุญญาไลย์,1-8411-22327-56-1,1946-03-22,หญิง,+66 4627 0166,hrthay59@outlook.com,59/2 ถ.ทองอยู่ ต.บ่อท่าเรือ อ.ปลาปาก พระนครศรีอยุธยา 20330,โรคหัวใจ,INS-56906456,2021-06-16,2024-06-18
PAT0047,บุญเกิด นาคะนคร,8-9216-86962-18-2,1993-05-05,หญิง,+662 401 5282,xsriithnaewthy@chmrmthraphysaar.com,32/69 ถ.ดาบเงิน อำเภอพรเจริญ จังหวัดกำแพงเพชร 19680,ความดันสูง,INS-66817173,2023-12-17,2025-04-07
PAT0048,ศิริเกศ ยางสวย,8-7317-18918-45-2,1967-12-30,หญิง,+66 839 999 363,ecchriyramywrsaass@bcchkbunyaaphisnth.co.th,13/39 ถ.จันอ้น อำเภอเฉลิมพระเกียรติ นครสวรรค์ 29000,หอบหืด,INS-37305702,2020-06-02,2025-02-02
PAT0049,นิติ ทองประดิฐ,5-5814-15133-88-0,1977-07-03,หญิง,071 503059,thitinaththaapriichaakulesrsth@outlook.com,81 หมู่ 6 ถนนหนุนสุข ต.ลำภูราใหญ่ อ.เวียงแก่น ประจวบคีรีขันธ์ 13730,มะเร็ง,INS-70630102,2024-09-12,2024-05-30
PAT0050,ดวงพร ดาบเพ็ชร์,1-5706-76936-61-3,1947-02-12,หญิง,0 4382 8284,muuhamhmadimrn75@brisath.com,140 ถนนสันตะวงศ์ ต.ยางตลาดใต้ อ.วังทองหลาง จ.นนทบุรี 47270,หอบหืด,INS-00638563,2024-01-05,2024-08-29
